{
  "detour_comparison": {
    "10kph": {
      "detour_route_time_sec": 5785.010106395435,
      "difference_sec": 1687.8525970813926,
      "flooded_route_time_sec": 4097.157509314043
    },
    "20kph": {
      "detour_route_time_sec": 2892.5050531977176,
      "difference_sec": 894.7545701234731,
      "flooded_route_time_sec": 1997.7504830742446
    },
    "45kph": {
      "detour_route_time_sec": 1285.5578014212078,
      "difference_sec": 454.1445551468512,
      "flooded_route_time_sec": 831.4132462743567
    },
    "5kph": {
      "detour_route_time_sec": 11570.02021279087,
      "difference_sec": 3274.0486509972325,
      "flooded_route_time_sec": 8295.971561793638
    },
    "72kph": {
      "detour_route_time_sec": 803.4736258882549,
      "difference_sec": 321.9615506538646,
      "flooded_route_time_sec": 481.5120752343903
    },
    "81kph": {
      "detour_route_time_sec": 714.1987785673377,
      "difference_sec": 297.4832164884968,
      "flooded_route_time_sec": 416.71556207884095
    },
    "90kph": {
      "detour_route_time_sec": 642.7789007106039,
      "difference_sec": 277.9005491562024,
      "flooded_route_time_sec": 364.87835155440155
    }
  },
  "detour_route_geometry": [
    [
      1.2976481,
      103.8532709
    ],
    [
      1.2984936,
      103.8539445
    ],
    [
      1.2986159,
      103.8540378
    ],
    [
      1.2985074,
      103.8541558
    ],
    [
      1.2977343,
      103.8550693
    ],
    [
      1.2967499,
      103.8563065
    ],
    [
      1.2966357,
      103.8563433
    ],
    [
      1.296467,
      103.8563854
    ],
    [
      1.2956474,
      103.8573568
    ],
    [
      1.3007631,
      103.8631798
    ],
    [
      1.300996,
      103.8634966
    ],
    [
      1.3055044,
      103.8702145
    ],
    [
      1.3063273,
      103.8714887
    ],
    [
      1.3069732,
      103.8734295
    ],
    [
      1.3092218,
      103.8757561
    ],
    [
      1.313914,
      103.8748039
    ],
    [
      1.3175136,
      103.8745963
    ],
    [
      1.3186203,
      103.8747432
    ],
    [
      1.3228709,
      103.8731976
    ],
    [
      1.3268735,
      103.8699451
    ],
    [
      1.32975,
      103.8638399
    ],
    [
      1.329711,
      103.8589681
    ],
    [
      1.3292633,
      103.8525014
    ],
    [
      1.329582,
      103.8488327
    ],
    [
      1.327182,
      103.8374448
    ],
    [
      1.3258521,
      103.8315759
    ],
    [
      1.3267807,
      103.8293716
    ],
    [
      1.3273238,
      103.8252879
    ],
    [
      1.3310591,
      103.8188651
    ],
    [
      1.33399,
      103.8124189
    ],
    [
      1.3374749,
      103.8081441
    ],
    [
      1.3383298,
      103.8058131
    ],
    [
      1.3362198,
      103.7987959
    ],
    [
      1.3349979,
      103.7984714
    ],
    [
      1.3349398,
      103.798457
    ],
    [
      1.3341615,
      103.7982651
    ],
    [
      1.3326082,
      103.7983124
    ],
    [
      1.3323196,
      103.7983219
    ],
    [
      1.3320517,
      103.798246
    ],
    [
      1.3310961,
      103.7979109
    ],
    [
      1.3308428,
      103.7977181
    ],
    [
      1.3308325,
      103.7975428
    ],
    [
      1.3314413,
      103.7958412
    ],
    [
      1.3315672,
      103.7955152
    ],
    [
      1.3316407,
      103.7952934
    ],
    [
      1.3318798,
      103.7945977
    ],
    [
      1.3319497,
      103.7943964
    ],
    [
      1.3320445,
      103.7941434
    ],
    [
      1.3325072,
      103.7928615
    ],
    [
      1.3327049,
      103.7922632
    ],
    [
      1.3330925,
      103.7909537
    ],
    [
      1.3336248,
      103.7893926
    ],
    [
      1.3338413,
      103.7887779
    ],
    [
      1.3346765,
      103.7864303
    ]
  ],
  "detour_total_travel_time_seconds": {
    "10kph": 5785.010106395435,
    "20kph": 2892.5050531977176,
    "45kph": 1285.5578014212078,
    "5kph": 11570.02021279087,
    "72kph": 803.4736258882549,
    "81kph": 714.1987785673377,
    "90kph": 642.7789007106039
  },
  "flooded_segments": [
    {
      "geometry": "LINESTRING (103.8419805 1.3114891, 103.8416957 1.3116266, 103.8415718 1.311678, 103.8414143 1.3117434, 103.8412312 1.3118195, 103.8404956 1.3121309, 103.8398849 1.3124012, 103.8396299 1.3125261, 103.8393094 1.3127218, 103.8391699 1.312813, 103.8390197 1.3129511, 103.8387448 1.3132514, 103.8382056 1.3138842, 103.8373912 1.3148112, 103.8369445 1.3153092)",
      "length_m": 717.9183136101102,
      "road_name": "Bukit Timah Road",
      "travel_time_seconds": {
        "10kph": 258.4505928996397,
        "10kph_delay": 229.73386035523527,
        "20kph": 129.22529644981984,
        "20kph_delay": 100.50856390541543,
        "45kph": 57.433465088808816,
        "45kph_delay": 28.716732544404408,
        "5kph": 516.9011857992793,
        "5kph_delay": 488.18445325487494,
        "72kph": 35.89591568050551,
        "72kph_delay": 7.179183136101102,
        "81kph": 31.907480604893788,
        "81kph_delay": 3.19074806048938,
        "90kph": 28.716732544404408,
        "90kph_delay": 0.0
      }
    },
    {
      "geometry": "LINESTRING (103.8280883 1.3196353, 103.8277733 1.3197398, 103.8273587 1.3198779, 103.8239508 1.3210231, 103.822749 1.3214032)",
      "length_m": 625.2698322447266,
      "road_name": "Bukit Timah Road",
      "travel_time_seconds": {
        "10kph": 225.09713960810157,
        "10kph_delay": 200.0863463183125,
        "20kph": 112.54856980405079,
        "20kph_delay": 87.53777651426172,
        "45kph": 50.02158657957813,
        "45kph_delay": 25.010793289789063,
        "5kph": 450.19427921620314,
        "5kph_delay": 425.18348592641405,
        "72kph": 31.26349161223633,
        "72kph_delay": 6.252698322447266,
        "81kph": 27.78977032198785,
        "81kph_delay": 2.7789770321987852,
        "90kph": 25.010793289789063,
        "90kph_delay": 0.0
      }
    },
    {
      "geometry": "LINESTRING (103.822749 1.3214032, 103.8220829 1.3216033)",
      "length_m": 77.31803088378078,
      "road_name": "Bukit Timah Road",
      "travel_time_seconds": {
        "10kph": 27.834491118161083,
        "10kph_delay": 24.74176988280985,
        "20kph": 13.917245559080541,
        "20kph_delay": 10.82452432372931,
        "45kph": 6.185442470702462,
        "45kph_delay": 3.092721235351231,
        "5kph": 55.668982236322165,
        "5kph_delay": 52.57626100097093,
        "72kph": 3.8659015441890388,
        "72kph_delay": 0.7731803088378078,
        "81kph": 3.4363569281680344,
        "81kph_delay": 0.3436356928168034,
        "90kph": 3.092721235351231,
        "90kph_delay": 0.0
      }
    },
    {
      "geometry": "LINESTRING (103.8085419 1.3253027, 103.807987 1.3256523, 103.8078466 1.3257443, 103.8069012 1.3264027, 103.8066575 1.3265664, 103.8063659 1.326748, 103.8061317 1.3269035, 103.8058843 1.3270982, 103.8058024 1.3271535, 103.8057112 1.3272151, 103.8056137 1.327281, 103.8050936 1.3276324, 103.8037147 1.3285434, 103.8035381 1.3286687, 103.8032059 1.3288402, 103.8029223 1.3289599, 103.8023321 1.3291663, 103.8020951 1.3292492)",
      "length_m": 843.837576826215,
      "road_name": "Bukit Timah Road",
      "travel_time_seconds": {
        "10kph": 303.78152765743744,
        "10kph_delay": 270.02802458438885,
        "20kph": 151.89076382871872,
        "20kph_delay": 118.13726075567013,
        "45kph": 67.5070061460972,
        "45kph_delay": 33.7535030730486,
        "5kph": 607.5630553148749,
        "5kph_delay": 573.8095522418263,
        "72kph": 42.19187884131075,
        "72kph_delay": 8.438375768262155,
        "81kph": 37.50389230338733,
        "81kph_delay": 3.750389230338733,
        "90kph": 33.7535030730486,